{"cameraMode":{"drawMode":0,"name":"Shaded","section":"Shading Mode"},"sceneLighting":false,"audioPlay":false,"sceneViewState":{"m_AlwaysRefresh":false,"showFog":true,"showSkybox":true,"showFlares":true,"showImageEffects":true,"showParticleSystems":true,"showVisualEffectGraphs":true,"m_FxEnabled":true},"in2DMode":false,"pivot":{"x":1.0214838981628419,"y":-8.341010093688965,"z":-11.956608772277832},"rotation":{"x":0.0005692882696166635,"y":-0.9650718569755554,"z":0.26243463158607485,"w":0.0013194906059652567},"size":11.77678394317627,"orthographic":false}