{"cameraMode":{"drawMode":0,"name":"Shaded","section":"Shading Mode"},"sceneLighting":false,"audioPlay":false,"sceneViewState":{"m_AlwaysRefresh":false,"showFog":true,"showSkybox":true,"showFlares":true,"showImageEffects":true,"showParticleSystems":true,"showVisualEffectGraphs":true,"m_FxEnabled":true},"in2DMode":false,"pivot":{"x":643.2803344726563,"y":96.80970764160156,"z":374.85675048828127},"rotation":{"x":0.13787423074245454,"y":0.01135089248418808,"z":-0.001437867758795619,"w":0.9904768466949463},"size":760.6683959960938,"orthographic":false}