{"cameraMode":{"drawMode":0,"name":"Shaded","section":"Shading Mode"},"sceneLighting":false,"audioPlay":false,"sceneViewState":{"m_AlwaysRefresh":false,"showFog":true,"showSkybox":true,"showFlares":true,"showImageEffects":true,"showParticleSystems":true,"showVisualEffectGraphs":true,"m_FxEnabled":true},"in2DMode":false,"pivot":{"x":-13.879000663757325,"y":11.315258026123047,"z":18.092815399169923},"rotation":{"x":0.03845027834177017,"y":0.956537663936615,"z":-0.21730637550354005,"w":0.19395461678504945},"size":11.925186157226563,"orthographic":false}