{"cameraMode":{"drawMode":0,"name":"Shaded","section":"Shading Mode"},"sceneLighting":false,"audioPlay":false,"sceneViewState":{"m_AlwaysRefresh":false,"showFog":true,"showSkybox":true,"showFlares":true,"showImageEffects":true,"showParticleSystems":true,"showVisualEffectGraphs":true,"m_FxEnabled":true},"in2DMode":false,"pivot":{"x":18.431184768676759,"y":-12.798559188842774,"z":-39.18689727783203},"rotation":{"x":-0.06377186626195908,"y":-0.9306732416152954,"z":0.19695205986499787,"w":-0.30208420753479006},"size":18.112730026245118,"orthographic":false}