{"cameraMode":{"drawMode":0,"name":"Shaded","section":"Shading Mode"},"sceneLighting":false,"audioPlay":false,"sceneViewState":{"m_AlwaysRefresh":false,"showFog":true,"showSkybox":true,"showFlares":true,"showImageEffects":true,"showParticleSystems":true,"showVisualEffectGraphs":true,"m_FxEnabled":true},"in2DMode":false,"pivot":{"x":252.35061645507813,"y":137.05380249023438,"z":715.3782958984375},"rotation":{"x":0.06732909381389618,"y":-0.11107505857944489,"z":0.007663968950510025,"w":0.9915939569473267},"size":760.6683959960938,"orthographic":false}