{"cameraMode":{"drawMode":0,"name":"Shaded","section":"Shading Mode"},"sceneLighting":false,"audioPlay":false,"sceneViewState":{"m_AlwaysRefresh":false,"showFog":true,"showSkybox":true,"showFlares":true,"showImageEffects":true,"showParticleSystems":true,"showVisualEffectGraphs":true,"m_FxEnabled":true},"in2DMode":false,"pivot":{"x":0.36216577887535097,"y":2.88785457611084,"z":-0.14696793258190156},"rotation":{"x":-0.03507368266582489,"y":0.9645889401435852,"z":-0.17135310173034669,"w":-0.19743984937667848},"size":1.6093841791152955,"orthographic":false}