{"cameraMode":{"drawMode":0,"name":"Shaded","section":"Shading Mode"},"sceneLighting":false,"audioPlay":false,"sceneViewState":{"m_AlwaysRefresh":false,"showFog":true,"showSkybox":true,"showFlares":true,"showImageEffects":true,"showParticleSystems":true,"showVisualEffectGraphs":true,"m_FxEnabled":true},"in2DMode":false,"pivot":{"x":1.286518931388855,"y":0.8792567253112793,"z":-0.39631587266921999},"rotation":{"x":-0.004244840703904629,"y":0.764510989189148,"z":0.005041280295699835,"w":0.6445940136909485},"size":1.8249194622039796,"orthographic":false}