{"cameraMode":{"drawMode":0,"name":"Shaded","section":"Shading Mode"},"sceneLighting":false,"audioPlay":false,"sceneViewState":{"m_AlwaysRefresh":false,"showFog":true,"showSkybox":true,"showFlares":true,"showImageEffects":true,"showParticleSystems":true,"showVisualEffectGraphs":true,"m_FxEnabled":true},"in2DMode":false,"pivot":{"x":547.7950439453125,"y":241.48873901367188,"z":762.8572998046875},"rotation":{"x":0.033302191644907,"y":-0.012549777515232563,"z":0.0005380351794883609,"w":0.999460756778717},"size":760.6683959960938,"orthographic":false}