{"cameraMode":{"drawMode":0,"name":"Shaded","section":"Shading Mode"},"sceneLighting":false,"audioPlay":false,"sceneViewState":{"m_AlwaysRefresh":false,"showFog":true,"showSkybox":true,"showFlares":true,"showImageEffects":true,"showParticleSystems":true,"showVisualEffectGraphs":true,"m_FxEnabled":true},"in2DMode":false,"pivot":{"x":0.9181025624275208,"y":0.26367178559303286,"z":-1.157273530960083},"rotation":{"x":0.027571596205234529,"y":0.931519091129303,"z":-0.07225155830383301,"w":0.3554215431213379},"size":1.949953556060791,"orthographic":false}