{"cameraMode":{"drawMode":0,"name":"Shaded","section":"Shading Mode"},"sceneLighting":false,"audioPlay":false,"sceneViewState":{"m_AlwaysRefresh":false,"showFog":true,"showSkybox":true,"showFlares":true,"showImageEffects":true,"showParticleSystems":true,"showVisualEffectGraphs":true,"m_FxEnabled":true},"in2DMode":false,"pivot":{"x":4.852511882781982,"y":0.014033899642527104,"z":-21.25337791442871},"rotation":{"x":-0.10143161565065384,"y":-0.5274621248245239,"z":0.06358731538057327,"w":-0.8411378860473633},"size":4.905209541320801,"orthographic":false}