{"cameraMode":{"drawMode":0,"name":"Shaded","section":"Shading Mode"},"sceneLighting":false,"audioPlay":false,"sceneViewState":{"m_AlwaysRefresh":false,"showFog":true,"showSkybox":false,"showFlares":true,"showImageEffects":true,"showParticleSystems":true,"showVisualEffectGraphs":true,"m_FxEnabled":true},"in2DMode":false,"pivot":{"x":-2.318822145462036,"y":0.7501097917556763,"z":-0.17337734997272492},"rotation":{"x":-0.23107925057411195,"y":-0.6177641749382019,"z":0.19385205209255219,"w":-0.7266162037849426},"size":2.1739001274108888,"orthographic":false}