{"cameraMode":{"drawMode":0,"name":"Shaded","section":"Shading Mode"},"sceneLighting":false,"audioPlay":false,"sceneViewState":{"m_AlwaysRefresh":false,"showFog":true,"showSkybox":false,"showFlares":true,"showImageEffects":true,"showParticleSystems":true,"showVisualEffectGraphs":true,"m_FxEnabled":true},"in2DMode":false,"pivot":{"x":0.4997115731239319,"y":0.8958172798156738,"z":-0.7546324729919434},"rotation":{"x":0.17397810518741609,"y":-0.21619687974452973,"z":0.037296049296855929,"w":0.960371732711792},"size":0.8374687433242798,"orthographic":false}